timestamp,presion,delta_presion,intervalo_ms,bomba,estadoProceso,tiempoEncendido,etiqueta,lectura_valida
2026-05-17T16:08:18.296Z,2.9518,,,true,Monitor: Bomba ON (override),0,reposo_bomba_on,true
2026-05-17T16:08:19.988Z,3.0078,0.0560,1692,true,Monitor: Bomba ON (override),0,reposo_bomba_on,true
2026-05-17T16:08:22.897Z,3.0466,0.0388,2909,true,Monitor: Bomba ON (override),0,reposo_bomba_on,true
2026-05-17T16:08:25.898Z,3.0078,-0.0388,3001,true,Monitor: Bomba ON (override),0,reposo_bomba_on,true
2026-05-17T16:08:28.863Z,2.9992,-0.0086,2965,true,Monitor: Bomba ON (override),0,reposo_bomba_on,true
2026-05-17T16:08:31.919Z,2.9647,-0.0345,3056,true,Monitor: Bomba ON (override),0,reposo_bomba_on,true
2026-05-17T16:08:34.877Z,2.9862,0.0215,2958,true,Monitor: Bomba ON (override),0,reposo_bomba_on,true
2026-05-17T16:08:37.877Z,2.9992,0.0129,3000,true,Monitor: Bomba ON (override),0,reposo_bomba_on,true
2026-05-17T16:08:40.863Z,3.0035,0.0043,2986,true,Monitor: Bomba ON (override),0,reposo_bomba_on,true
2026-05-17T16:08:43.916Z,3.0293,0.0259,3053,true,Monitor: Bomba ON (override),0,reposo_bomba_on,true
2026-05-17T16:08:46.875Z,3.0509,0.0215,2959,true,Monitor: Bomba ON (override),0,reposo_bomba_on,true
2026-05-17T16:08:49.854Z,3.0810,0.0302,2979,true,Monitor: Bomba ON (override),0,reposo_bomba_on,true
2026-05-17T16:08:52.917Z,3.0681,-0.0129,3063,true,Monitor: Bomba ON (override),0,reposo_bomba_on,true
2026-05-17T16:08:55.874Z,3.0380,-0.0302,2957,true,Monitor: Bomba ON (override),0,reposo_bomba_on,true
2026-05-17T16:08:58.884Z,3.0164,-0.0215,3010,true,Monitor: Bomba ON (override),0,reposo_bomba_on,true
2026-05-17T16:09:01.848Z,2.9819,-0.0345,2964,true,Monitor: Bomba ON (override),0,reposo_bomba_on,true
2026-05-17T16:09:04.913Z,3.0164,0.0345,3065,true,Monitor: Bomba ON (override),0,reposo_bomba_on,true
2026-05-17T16:09:07.872Z,3.0466,0.0302,2959,true,Monitor: Bomba ON (override),0,reposo_bomba_on,true
2026-05-17T16:09:10.934Z,3.0595,0.0129,3062,true,Monitor: Bomba ON (override),0,reposo_bomba_on,true
2026-05-17T16:09:13.892Z,3.0854,0.0259,2958,true,Monitor: Bomba ON (override),0,reposo_bomba_on,true
2026-05-17T16:09:16.850Z,3.0983,0.0129,2958,true,Monitor: Bomba ON (override),0,reposo_bomba_on,true
2026-05-17T16:09:19.929Z,3.0940,-0.0043,3079,true,Monitor: Bomba ON (override),0,reposo_bomba_on,true
2026-05-17T16:09:22.891Z,3.0940,0.0000,2962,true,Monitor: Bomba ON (override),0,reposo_bomba_on,true
2026-05-17T16:09:25.850Z,3.0940,0.0000,2959,true,Monitor: Bomba ON (override),0,reposo_bomba_on,true
2026-05-17T16:09:28.910Z,3.0810,-0.0129,3060,true,Monitor: Bomba ON (override),0,reposo_bomba_on,true
2026-05-17T16:09:31.870Z,3.0552,-0.0259,2960,true,Monitor: Bomba ON (override),0,reposo_bomba_on,true
2026-05-17T16:09:34.929Z,3.0293,-0.0259,3059,true,Monitor: Bomba ON (override),0,reposo_bomba_on,true
2026-05-17T16:09:37.914Z,2.9949,-0.0345,2985,true,Monitor: Bomba ON (override),0,reposo_bomba_on,true
2026-05-17T16:09:40.846Z,3.0164,0.0215,2932,true,Monitor: Bomba ON (override),0,reposo_bomba_on,true
2026-05-17T16:09:43.919Z,3.0552,0.0388,3073,true,Monitor: Bomba ON (override),0,reposo_bomba_on,true
2026-05-17T16:09:46.869Z,3.0854,0.0302,2950,true,Monitor: Bomba ON (override),0,reposo_bomba_on,true
2026-05-17T16:09:49.934Z,3.0940,0.0086,3065,true,Monitor: Bomba ON (override),0,reposo_bomba_on,true
2026-05-17T16:09:52.888Z,3.0681,-0.0259,2954,true,Monitor: Bomba ON (override),0,reposo_bomba_on,true
2026-05-17T16:09:55.849Z,3.0423,-0.0259,2961,true,Monitor: Bomba ON (override),0,reposo_bomba_on,true
2026-05-17T16:09:58.845Z,3.0250,-0.0172,2996,true,Monitor: Bomba ON (override),0,reposo_bomba_on,true
2026-05-17T16:10:01.915Z,2.8914,-0.1336,3070,true,Monitor: Bomba ON (override),0,reposo_bomba_on,true
2026-05-17T16:10:04.869Z,2.9388,0.0474,2954,true,Monitor: Bomba ON (override),0,reposo_bomba_on,true
2026-05-17T16:10:07.946Z,3.0207,0.0819,3077,true,Monitor: Bomba ON (override),0,reposo_bomba_on,true
2026-05-17T16:10:10.884Z,3.0767,0.0560,2938,true,Monitor: Bomba ON (override),0,reposo_bomba_on,true
2026-05-17T16:10:13.848Z,3.0293,-0.0474,2964,true,Monitor: Bomba ON (override),0,reposo_bomba_on,true
2026-05-17T16:10:16.905Z,3.0121,-0.0172,3057,true,Monitor: Bomba ON (override),0,reposo_bomba_on,true
2026-05-17T16:10:19.843Z,2.9733,-0.0388,2938,true,Monitor: Bomba ON (override),0,reposo_bomba_on,true
2026-05-17T16:10:22.905Z,2.9949,0.0215,3062,true,Monitor: Bomba ON (override),0,reposo_bomba_on,true
2026-05-17T16:10:25.904Z,3.0250,0.0302,2999,true,Monitor: Bomba ON (override),0,reposo_bomba_on,true
2026-05-17T16:10:28.858Z,3.0380,0.0129,2954,true,Monitor: Bomba ON (override),0,reposo_bomba_on,true
2026-05-17T16:10:31.921Z,3.0423,0.0043,3063,true,Monitor: Bomba ON (override),0,reposo_bomba_on,true
2026-05-17T16:10:34.883Z,3.0380,-0.0043,2962,true,Monitor: Bomba ON (override),0,consumo_alto_bomba_on,true
2026-05-17T16:10:37.883Z,3.0250,-0.0129,3000,true,Monitor: Bomba ON (override),0,consumo_alto_bomba_on,true
2026-05-17T16:10:40.840Z,3.0164,-0.0086,2957,true,Monitor: Bomba ON (override),0,consumo_alto_bomba_on,true
2026-05-17T16:10:43.912Z,3.0207,0.0043,3072,true,Monitor: Bomba ON (override),0,consumo_alto_bomba_on,true
2026-05-17T16:10:46.861Z,3.0380,0.0172,2949,true,Monitor: Bomba ON (override),0,consumo_alto_bomba_on,true
2026-05-17T16:10:49.926Z,3.0638,0.0259,3065,true,Monitor: Bomba ON (override),0,consumo_alto_bomba_on,true
2026-05-17T16:10:52.878Z,3.0897,0.0259,2952,true,Monitor: Bomba ON (override),0,consumo_alto_bomba_on,true
2026-05-17T16:10:55.840Z,3.0724,-0.0172,2962,true,Monitor: Bomba ON (override),0,consumo_alto_bomba_on,true
2026-05-17T16:10:58.900Z,2.4605,-0.6119,3060,true,Monitor: Bomba ON (override),0,consumo_alto_bomba_on,true
2026-05-17T16:11:01.856Z,2.1847,-0.2758,2956,true,Monitor: Bomba ON (override),0,consumo_alto_bomba_on,true
2026-05-17T16:11:04.916Z,2.1503,-0.0345,3060,true,Monitor: Bomba ON (override),0,consumo_alto_bomba_on,true
2026-05-17T16:11:07.881Z,2.1330,-0.0172,2965,true,Monitor: Bomba ON (override),0,consumo_alto_bomba_on,true
2026-05-17T16:11:10.834Z,2.0856,-0.0474,2953,true,Monitor: Bomba ON (override),0,consumo_alto_bomba_on,true
2026-05-17T16:11:13.895Z,2.0770,-0.0086,3061,true,Monitor: Bomba ON (override),0,consumo_alto_bomba_on,true
2026-05-17T16:11:16.855Z,2.0598,-0.0172,2960,true,Monitor: Bomba ON (override),0,consumo_alto_bomba_on,true
2026-05-17T16:11:19.839Z,2.0124,-0.0474,2984,true,Monitor: Bomba ON (override),0,consumo_alto_bomba_on,true
2026-05-17T16:11:22.897Z,2.0124,0.0000,3058,true,Monitor: Bomba ON (override),0,consumo_alto_bomba_on,true
2026-05-17T16:11:25.857Z,2.0468,0.0345,2960,true,Monitor: Bomba ON (override),0,consumo_alto_bomba_on,true
2026-05-17T16:11:28.914Z,2.0813,0.0345,3057,true,Monitor: Bomba ON (override),0,consumo_alto_bomba_on,true
2026-05-17T16:11:31.876Z,2.0727,-0.0086,2962,true,Monitor: Bomba ON (override),0,consumo_alto_bomba_on,true
2026-05-17T16:11:34.836Z,2.0339,-0.0388,2960,true,Monitor: Bomba ON (override),0,consumo_alto_bomba_on,true
2026-05-17T16:11:37.895Z,1.9951,-0.0388,3059,true,Monitor: Bomba ON (override),0,consumo_alto_bomba_on,true
2026-05-17T16:11:40.855Z,2.0210,0.0259,2960,true,Monitor: Bomba ON (override),0,consumo_alto_bomba_on,true
2026-05-17T16:11:43.915Z,2.0425,0.0215,3060,true,Monitor: Bomba ON (override),0,consumo_alto_bomba_on,true
2026-05-17T16:11:46.876Z,2.0684,0.0259,2961,true,Monitor: Bomba ON (override),0,consumo_alto_bomba_on,true
2026-05-17T16:11:49.839Z,2.0856,0.0172,2963,true,Monitor: Bomba ON (override),0,consumo_alto_bomba_on,true
2026-05-17T16:11:52.895Z,2.0899,0.0043,3056,true,Monitor: Bomba ON (override),0,consumo_alto_bomba_on,true
2026-05-17T16:11:55.855Z,2.0899,0.0000,2960,true,Monitor: Bomba ON (override),0,consumo_alto_bomba_on,true
2026-05-17T16:11:58.860Z,2.0899,0.0000,3005,true,Monitor: Bomba ON (override),0,consumo_alto_bomba_on,true
2026-05-17T16:12:01.912Z,2.0856,-0.0043,3052,true,Monitor: Bomba ON (override),0,consumo_alto_bomba_on,true
2026-05-17T16:12:04.875Z,2.0856,0.0000,2963,true,Monitor: Bomba ON (override),0,consumo_alto_bomba_on,true
2026-05-17T16:12:07.832Z,2.0899,0.0043,2957,true,Monitor: Bomba ON (override),0,consumo_alto_bomba_on,true
2026-05-17T16:12:10.892Z,2.0899,0.0000,3060,true,Monitor: Bomba ON (override),0,consumo_alto_bomba_on,true
2026-05-17T16:12:13.853Z,2.0468,-0.0431,2961,true,Monitor: Bomba ON (override),0,consumo_alto_bomba_on,true
2026-05-17T16:12:16.908Z,2.0210,-0.0259,3055,true,Monitor: Bomba ON (override),0,consumo_alto_bomba_on,true
2026-05-17T16:12:19.851Z,1.9908,-0.0302,2943,true,Monitor: Bomba ON (override),0,consumo_alto_bomba_on,true
2026-05-17T16:12:22.907Z,1.9994,0.0086,3056,true,Monitor: Bomba ON (override),0,consumo_alto_bomba_on,true
2026-05-17T16:12:25.871Z,2.0296,0.0302,2964,true,Monitor: Bomba ON (override),0,consumo_alto_bomba_on,true
2026-05-17T16:12:28.844Z,2.0425,0.0129,2973,true,Monitor: Bomba ON (override),0,consumo_alto_bomba_on,true
2026-05-17T16:12:31.917Z,2.0727,0.0302,3073,true,Monitor: Bomba ON (override),0,consumo_alto_bomba_on,true
2026-05-17T16:12:34.906Z,2.0856,0.0129,2989,true,Monitor: Bomba ON (override),0,consumo_alto_bomba_on,true
2026-05-17T16:12:37.911Z,2.0641,-0.0215,3005,true,Monitor: Bomba ON (override),0,consumo_alto_bomba_on,true
2026-05-17T16:12:40.865Z,2.0555,-0.0086,2954,true,Monitor: Bomba ON (override),0,consumo_alto_bomba_on,true
2026-05-17T16:12:43.827Z,2.0296,-0.0259,2962,true,Monitor: Bomba ON (override),0,consumo_alto_bomba_on,true
2026-05-17T16:12:46.887Z,1.9865,-0.0431,3060,true,Monitor: Bomba ON (override),0,consumo_alto_bomba_on,true
2026-05-17T16:12:49.845Z,1.9779,-0.0086,2958,true,Monitor: Bomba ON (override),0,consumo_alto_bomba_on,true
2026-05-17T16:12:52.912Z,2.0253,0.0474,3067,true,Monitor: Bomba ON (override),0,consumo_alto_bomba_on,true
2026-05-17T16:12:55.873Z,2.0512,0.0259,2961,true,Monitor: Bomba ON (override),0,consumo_alto_bomba_on,true
2026-05-17T16:12:58.850Z,2.0813,0.0302,2977,true,Monitor: Bomba ON (override),0,consumo_alto_bomba_on,true
2026-05-17T16:13:01.903Z,2.0382,-0.0431,3053,true,Monitor: Bomba ON (override),0,consumo_alto_bomba_on,true
2026-05-17T16:13:04.870Z,2.0081,-0.0302,2967,true,Monitor: Bomba ON (override),0,consumo_alto_bomba_on,true
2026-05-17T16:13:07.823Z,1.9822,-0.0259,2953,true,Monitor: Bomba ON (override),0,consumo_alto_bomba_on,true
2026-05-17T16:13:10.880Z,1.9994,0.0172,3057,true,Monitor: Bomba ON (override),0,consumo_alto_bomba_on,true
2026-05-17T16:13:13.848Z,2.0253,0.0259,2968,true,Monitor: Bomba ON (override),0,consumo_alto_bomba_on,true
2026-05-17T16:13:16.905Z,2.0382,0.0129,3057,true,Monitor: Bomba ON (override),0,consumo_alto_bomba_on,true
2026-05-17T16:13:19.906Z,2.0684,0.0302,3001,true,Monitor: Bomba ON (override),0,consumo_alto_bomba_on,true
2026-05-17T16:13:22.863Z,2.0813,0.0129,2957,true,Monitor: Bomba ON (override),0,consumo_alto_bomba_on,true
2026-05-17T16:13:25.824Z,2.0555,-0.0259,2961,true,Monitor: Bomba ON (override),0,consumo_alto_bomba_on,true
2026-05-17T16:13:28.882Z,2.0296,-0.0259,3058,true,Monitor: Bomba ON (override),0,consumo_alto_bomba_on,true
2026-05-17T16:13:31.844Z,2.0167,-0.0129,2962,true,Monitor: Bomba ON (override),0,consumo_alto_bomba_on,true
2026-05-17T16:13:34.912Z,2.0167,0.0000,3068,true,Monitor: Bomba ON (override),0,consumo_alto_bomba_on,true
2026-05-17T16:13:37.865Z,2.0038,-0.0129,2953,true,Monitor: Bomba ON (override),0,consumo_alto_bomba_on,true
2026-05-17T16:13:40.833Z,2.0167,0.0129,2968,true,Monitor: Bomba ON (override),0,consumo_alto_bomba_on,true
2026-05-17T16:13:43.888Z,2.0382,0.0215,3055,true,Monitor: Bomba ON (override),0,consumo_alto_bomba_on,true
2026-05-17T16:13:46.892Z,2.0468,0.0086,3004,true,Monitor: Bomba ON (override),0,consumo_alto_bomba_on,true
2026-05-17T16:13:49.843Z,2.0167,-0.0302,2951,true,Monitor: Bomba ON (override),0,consumo_alto_bomba_on,true
2026-05-17T16:13:52.907Z,2.0081,-0.0086,3064,true,Monitor: Bomba ON (override),0,consumo_alto_bomba_on,true
2026-05-17T16:13:55.858Z,2.0124,0.0043,2951,true,Monitor: Bomba ON (override),0,recuperacion_consumo_alto,true
2026-05-17T16:13:58.866Z,2.0339,0.0215,3008,true,Monitor: Bomba ON (override),0,recuperacion_consumo_alto,true
2026-05-17T16:14:01.820Z,2.0468,0.0129,2954,true,Monitor: Bomba ON (override),0,recuperacion_consumo_alto,true
2026-05-17T16:14:04.878Z,2.0038,-0.0431,3058,true,Monitor: Bomba ON (override),0,recuperacion_consumo_alto,true
2026-05-17T16:14:07.838Z,1.9822,-0.0215,2960,true,Monitor: Bomba ON (override),0,recuperacion_consumo_alto,true
2026-05-17T16:14:10.896Z,1.9520,-0.0302,3058,true,Monitor: Bomba ON (override),0,recuperacion_consumo_alto,true
2026-05-17T16:14:13.858Z,2.0167,0.0646,2962,true,Monitor: Bomba ON (override),0,recuperacion_consumo_alto,true
2026-05-17T16:14:16.817Z,2.0296,0.0129,2959,true,Monitor: Bomba ON (override),0,recuperacion_consumo_alto,true
2026-05-17T16:14:19.879Z,2.0339,0.0043,3062,true,Monitor: Bomba ON (override),0,recuperacion_consumo_alto,true
2026-05-17T16:14:22.842Z,1.9908,-0.0431,2963,true,Monitor: Bomba ON (override),0,recuperacion_consumo_alto,true
2026-05-17T16:14:25.897Z,1.9520,-0.0388,3055,true,Monitor: Bomba ON (override),0,recuperacion_consumo_alto,true
2026-05-17T16:14:28.862Z,1.9822,0.0302,2965,true,Monitor: Bomba ON (override),0,recuperacion_consumo_alto,true
2026-05-17T16:14:31.814Z,2.1330,0.1508,2952,true,Monitor: Bomba ON (override),0,recuperacion_consumo_alto,true
2026-05-17T16:14:34.875Z,2.1847,0.0517,3061,true,Monitor: Bomba ON (override),0,recuperacion_consumo_alto,true
2026-05-17T16:14:37.873Z,2.1460,-0.0388,2998,true,Monitor: Bomba ON (override),0,recuperacion_consumo_alto,true
2026-05-17T16:14:40.841Z,2.3916,0.2456,2968,true,Monitor: Bomba ON (override),0,recuperacion_consumo_alto,true
2026-05-17T16:14:43.894Z,2.5165,0.1250,3053,true,Monitor: Bomba ON (override),0,recuperacion_consumo_alto,true
2026-05-17T16:14:46.860Z,2.6674,0.1508,2966,true,Monitor: Bomba ON (override),0,recuperacion_consumo_alto,true
2026-05-17T16:14:49.834Z,2.6932,0.0259,2974,true,Monitor: Bomba ON (override),0,recuperacion_consumo_alto,true
2026-05-17T16:14:52.893Z,2.7234,0.0302,3059,true,Monitor: Bomba ON (override),0,recuperacion_consumo_alto,true
2026-05-17T16:14:55.863Z,3.0207,0.2973,2970,true,Monitor: Bomba ON (override),0,recuperacion_consumo_alto,true
2026-05-17T16:14:58.830Z,2.9949,-0.0259,2967,true,Monitor: Bomba ON (override),0,recuperacion_consumo_alto,true
2026-05-17T16:15:01.891Z,2.9647,-0.0302,3061,true,Monitor: Bomba ON (override),0,recuperacion_consumo_alto,true
2026-05-17T16:15:04.858Z,2.9388,-0.0259,2967,true,Monitor: Bomba ON (override),0,recuperacion_consumo_alto,true
2026-05-17T16:15:07.810Z,2.9345,-0.0043,2952,true,Monitor: Bomba ON (override),0,recuperacion_consumo_alto,true
2026-05-17T16:15:10.869Z,2.9690,0.0345,3059,true,Monitor: Bomba ON (override),0,recuperacion_consumo_alto,true
2026-05-17T16:15:13.837Z,2.9819,0.0129,2968,true,Monitor: Bomba ON (override),0,recuperacion_consumo_alto,true
2026-05-17T16:15:16.896Z,3.0293,0.0474,3059,true,Monitor: Bomba ON (override),0,recuperacion_consumo_alto,true
2026-05-17T16:15:19.833Z,3.0035,-0.0259,2937,true,Monitor: Bomba ON (override),0,recuperacion_consumo_alto,true
2026-05-17T16:15:22.887Z,2.9776,-0.0259,3054,true,Monitor: Bomba ON (override),0,recuperacion_consumo_alto,true
2026-05-17T16:15:25.847Z,2.9604,-0.0172,2960,true,Monitor: Bomba ON (override),0,recuperacion_consumo_alto,true
2026-05-17T16:15:28.813Z,2.9302,-0.0302,2966,true,Monitor: Bomba ON (override),0,recuperacion_consumo_alto,true
2026-05-17T16:15:31.889Z,2.9302,0.0000,3076,true,Monitor: Bomba ON (override),0,recuperacion_consumo_alto,true
2026-05-17T16:15:34.850Z,2.9475,0.0172,2961,true,Monitor: Bomba ON (override),0,recuperacion_consumo_alto,true
2026-05-17T16:15:37.809Z,2.9690,0.0215,2959,true,Monitor: Bomba ON (override),0,recuperacion_consumo_alto,true
2026-05-17T16:15:40.872Z,2.9819,0.0129,3063,true,Monitor: Bomba ON (override),0,recuperacion_consumo_alto,true
2026-05-17T16:15:43.825Z,3.0250,0.0431,2953,true,Monitor: Bomba ON (override),0,recuperacion_consumo_alto,true
2026-05-17T16:15:46.891Z,3.0078,-0.0172,3066,true,Monitor: Bomba ON (override),0,recuperacion_consumo_alto,true
2026-05-17T16:15:49.841Z,2.9733,-0.0345,2950,true,Monitor: Bomba ON (override),0,recuperacion_consumo_alto,true
2026-05-17T16:15:52.815Z,2.9475,-0.0259,2974,true,Monitor: Bomba ON (override),0,recuperacion_consumo_alto,true
2026-05-17T16:15:55.864Z,2.9345,-0.0129,3049,true,Monitor: Bomba ON (override),0,recuperacion_consumo_alto,true
2026-05-17T16:15:58.864Z,2.9604,0.0259,3000,true,Monitor: Bomba ON (override),0,recuperacion_consumo_alto,true
2026-05-17T16:16:01.824Z,2.9819,0.0215,2960,true,Monitor: Bomba ON (override),0,recuperacion_consumo_alto,true
2026-05-17T16:16:04.885Z,2.9906,0.0086,3061,true,Monitor: Bomba ON (override),0,recuperacion_consumo_alto,true
2026-05-17T16:16:07.848Z,3.0250,0.0345,2963,true,Monitor: Bomba ON (override),0,recuperacion_consumo_alto,true
2026-05-17T16:16:10.808Z,3.0380,0.0129,2960,true,Monitor: Bomba ON (override),0,recuperacion_consumo_alto,true
2026-05-17T16:16:13.866Z,2.9949,-0.0431,3058,true,Monitor: Bomba ON (override),0,recuperacion_consumo_alto,true
2026-05-17T16:16:16.839Z,2.9776,-0.0172,2973,true,Monitor: Bomba ON (override),0,recuperacion_consumo_alto,true
2026-05-17T16:16:19.862Z,2.9690,-0.0086,3023,true,Monitor: Bomba ON (override),0,recuperacion_consumo_alto,true
2026-05-17T16:16:22.828Z,2.9432,-0.0259,2966,true,Monitor: Bomba ON (override),0,recuperacion_consumo_alto,true
2026-05-17T16:16:25.884Z,2.9690,0.0259,3056,true,Monitor: Bomba ON (override),0,recuperacion_consumo_alto,true
2026-05-17T16:16:28.848Z,2.9949,0.0259,2964,true,Monitor: Bomba ON (override),0,recuperacion_consumo_alto,true
2026-05-17T16:16:31.802Z,3.0164,0.0215,2954,true,Monitor: Bomba ON (override),0,recuperacion_consumo_alto,true
2026-05-17T16:16:34.885Z,3.0638,0.0474,3083,true,Monitor: Bomba ON (override),0,recuperacion_consumo_alto,true
2026-05-17T16:16:37.881Z,3.0121,-0.0517,2996,true,Monitor: Bomba ON (override),0,recuperacion_consumo_alto,true
2026-05-17T16:16:40.842Z,2.9949,-0.0172,2961,true,Monitor: Bomba ON (override),0,recuperacion_consumo_alto,true
2026-05-17T16:16:43.820Z,2.9604,-0.0345,2978,true,Monitor: Bomba ON (override),0,recuperacion_consumo_alto,true
2026-05-17T16:16:46.882Z,2.9604,0.0000,3062,true,Monitor: Bomba ON (override),0,recuperacion_consumo_alto,true
2026-05-17T16:16:49.846Z,2.9949,0.0345,2964,true,Monitor: Bomba ON (override),0,recuperacion_consumo_alto,true
2026-05-17T16:16:52.819Z,3.0250,0.0302,2973,true,Monitor: Bomba ON (override),0,recuperacion_consumo_alto,true
2026-05-17T16:16:55.879Z,3.0380,0.0129,3060,true,Monitor: Bomba ON (override),0,recuperacion_consumo_alto,true
2026-05-17T16:16:58.838Z,3.0595,0.0215,2959,true,Monitor: Bomba ON (override),0,recuperacion_consumo_alto,true
2026-05-17T16:17:01.796Z,3.0552,-0.0043,2958,true,Monitor: Bomba ON (override),0,recuperacion_consumo_alto,true
2026-05-17T16:17:04.860Z,3.0380,-0.0172,3064,true,Monitor: Bomba ON (override),0,recuperacion_consumo_alto,true
2026-05-17T16:17:07.825Z,3.0509,0.0129,2965,true,Monitor: Bomba ON (override),0,recuperacion_consumo_alto,true
2026-05-17T16:17:10.878Z,3.0767,0.0259,3053,true,Monitor: Bomba ON (override),0,recuperacion_consumo_alto,true
2026-05-17T16:17:13.844Z,3.0552,-0.0215,2966,true,Monitor: Bomba ON (override),0,recuperacion_consumo_alto,true
2026-05-17T16:17:16.799Z,3.0121,-0.0431,2955,true,Monitor: Bomba ON (override),0,recuperacion_consumo_alto,true
2026-05-17T16:17:19.803Z,3.0035,-0.0086,3004,true,Monitor: Bomba ON (override),0,recuperacion_consumo_alto,true
2026-05-17T16:17:22.857Z,2.9733,-0.0302,3054,true,Monitor: Bomba ON (override),0,recuperacion_consumo_alto,true
2026-05-17T16:17:25.824Z,2.9906,0.0172,2967,true,Monitor: Bomba ON (override),0,recuperacion_consumo_alto,true
2026-05-17T16:17:28.875Z,3.0336,0.0431,3051,true,Monitor: Bomba ON (override),0,recuperacion_consumo_alto,true
2026-05-17T16:17:31.842Z,3.0681,0.0345,2967,true,Monitor: Bomba ON (override),0,consumo_bajo_bomba_on,true
2026-05-17T16:17:34.795Z,3.0854,0.0172,2953,true,Monitor: Bomba ON (override),0,consumo_bajo_bomba_on,true
2026-05-17T16:17:37.856Z,3.0854,0.0000,3061,true,Monitor: Bomba ON (override),0,consumo_bajo_bomba_on,true
2026-05-17T16:17:40.812Z,3.0854,0.0000,2956,true,Monitor: Bomba ON (override),0,consumo_bajo_bomba_on,true
2026-05-17T16:17:43.880Z,3.0724,-0.0129,3068,true,Monitor: Bomba ON (override),0,consumo_bajo_bomba_on,true
2026-05-17T16:17:46.833Z,3.0466,-0.0259,2953,true,Monitor: Bomba ON (override),0,consumo_bajo_bomba_on,true
2026-05-17T16:17:49.800Z,3.0164,-0.0302,2967,true,Monitor: Bomba ON (override),0,consumo_bajo_bomba_on,true
2026-05-17T16:17:52.851Z,3.0035,-0.0129,3051,true,Monitor: Bomba ON (override),0,consumo_bajo_bomba_on,true
2026-05-17T16:17:55.836Z,2.9949,-0.0086,2985,true,Monitor: Bomba ON (override),0,consumo_bajo_bomba_on,true
2026-05-17T16:17:58.826Z,2.9819,-0.0129,2990,true,Monitor: Bomba ON (override),0,consumo_bajo_bomba_on,true
2026-05-17T16:18:01.795Z,3.0250,0.0431,2969,true,Monitor: Bomba ON (override),0,consumo_bajo_bomba_on,true
2026-05-17T16:18:04.849Z,3.0509,0.0259,3054,true,Monitor: Bomba ON (override),0,consumo_bajo_bomba_on,true
2026-05-17T16:18:07.809Z,3.0810,0.0302,2960,true,Monitor: Bomba ON (override),0,consumo_bajo_bomba_on,true
2026-05-17T16:18:10.868Z,3.0595,-0.0215,3059,true,Monitor: Bomba ON (override),0,consumo_bajo_bomba_on,true
2026-05-17T16:18:13.837Z,3.0207,-0.0388,2969,true,Monitor: Bomba ON (override),0,consumo_bajo_bomba_on,true
2026-05-17T16:18:16.790Z,3.0035,-0.0172,2953,true,Monitor: Bomba ON (override),0,consumo_bajo_bomba_on,true
2026-05-17T16:18:19.832Z,2.9647,-0.0388,3042,true,Monitor: Bomba ON (override),0,consumo_bajo_bomba_on,true
2026-05-17T16:18:22.787Z,2.9906,0.0259,2955,true,Monitor: Bomba ON (override),0,consumo_bajo_bomba_on,true
2026-05-17T16:18:25.853Z,2.8914,-0.0991,3066,true,Monitor: Bomba ON (override),0,consumo_bajo_bomba_on,true
2026-05-17T16:18:28.810Z,2.8871,-0.0043,2957,true,Monitor: Bomba ON (override),0,consumo_bajo_bomba_on,true
2026-05-17T16:18:31.868Z,2.9259,0.0388,3058,true,Monitor: Bomba ON (override),0,consumo_bajo_bomba_on,true
2026-05-17T16:18:34.826Z,2.9173,-0.0086,2958,true,Monitor: Bomba ON (override),0,consumo_bajo_bomba_on,true
2026-05-17T16:18:37.828Z,2.8656,-0.0517,3002,true,Monitor: Bomba ON (override),0,consumo_bajo_bomba_on,true
2026-05-17T16:18:40.792Z,2.8440,-0.0215,2964,true,Monitor: Bomba ON (override),0,consumo_bajo_bomba_on,true
2026-05-17T16:18:43.870Z,2.8397,-0.0043,3078,true,Monitor: Bomba ON (override),0,consumo_bajo_bomba_on,true
2026-05-17T16:18:46.833Z,2.9302,0.0905,2963,true,Monitor: Bomba ON (override),0,consumo_bajo_bomba_on,true
2026-05-17T16:18:49.833Z,2.9302,0.0000,3000,true,Monitor: Bomba ON (override),0,consumo_bajo_bomba_on,true
2026-05-17T16:18:52.788Z,2.9130,-0.0172,2955,true,Monitor: Bomba ON (override),0,consumo_bajo_bomba_on,true
2026-05-17T16:18:55.843Z,2.9087,-0.0043,3055,true,Monitor: Bomba ON (override),0,consumo_bajo_bomba_on,true
2026-05-17T16:18:58.806Z,2.9302,0.0215,2963,true,Monitor: Bomba ON (override),0,consumo_bajo_bomba_on,true
2026-05-17T16:19:01.863Z,2.9087,-0.0215,3057,true,Monitor: Bomba ON (override),0,consumo_bajo_bomba_on,true
2026-05-17T16:19:04.828Z,2.8828,-0.0259,2965,true,Monitor: Bomba ON (override),0,consumo_bajo_bomba_on,true
2026-05-17T16:19:07.785Z,2.8354,-0.0474,2957,true,Monitor: Bomba ON (override),0,consumo_bajo_bomba_on,true
2026-05-17T16:19:10.846Z,2.8613,0.0259,3061,true,Monitor: Bomba ON (override),0,consumo_bajo_bomba_on,true
2026-05-17T16:19:13.810Z,2.8871,0.0259,2964,true,Monitor: Bomba ON (override),0,consumo_bajo_bomba_on,true
2026-05-17T16:19:16.863Z,2.9259,0.0388,3053,true,Monitor: Bomba ON (override),0,consumo_bajo_bomba_on,true
2026-05-17T16:19:19.801Z,2.9087,-0.0172,2938,true,Monitor: Bomba ON (override),0,consumo_bajo_bomba_on,true
2026-05-17T16:19:22.860Z,2.8914,-0.0172,3059,true,Monitor: Bomba ON (override),0,consumo_bajo_bomba_on,true
2026-05-17T16:19:25.822Z,2.8484,-0.0431,2962,true,Monitor: Bomba ON (override),0,consumo_bajo_bomba_on,true
2026-05-17T16:19:28.786Z,2.8311,-0.0172,2964,true,Monitor: Bomba ON (override),0,consumo_bajo_bomba_on,true
2026-05-17T16:19:31.842Z,2.8354,0.0043,3056,true,Monitor: Bomba ON (override),0,consumo_bajo_bomba_on,true
2026-05-17T16:19:34.799Z,2.8656,0.0302,2957,true,Monitor: Bomba ON (override),0,consumo_bajo_bomba_on,true
2026-05-17T16:19:37.865Z,2.8914,0.0259,3066,true,Monitor: Bomba ON (override),0,consumo_bajo_bomba_on,true
2026-05-17T16:19:40.842Z,2.9044,0.0129,2977,true,Monitor: Bomba ON (override),0,consumo_bajo_bomba_on,true
2026-05-17T16:19:43.810Z,2.9388,0.0345,2968,true,Monitor: Bomba ON (override),0,consumo_bajo_bomba_on,true
2026-05-17T16:19:46.866Z,2.9302,-0.0086,3056,true,Monitor: Bomba ON (override),0,consumo_bajo_bomba_on,true
2026-05-17T16:19:49.826Z,2.8871,-0.0431,2960,true,Monitor: Bomba ON (override),0,consumo_bajo_bomba_on,true
2026-05-17T16:19:52.778Z,2.8656,-0.0215,2952,true,Monitor: Bomba ON (override),0,consumo_bajo_bomba_on,true
2026-05-17T16:19:55.842Z,2.8354,-0.0302,3064,true,Monitor: Bomba ON (override),0,consumo_bajo_bomba_on,true
2026-05-17T16:19:58.833Z,2.8053,-0.0302,2991,true,Monitor: Bomba ON (override),0,consumo_bajo_bomba_on,true
2026-05-17T16:20:01.799Z,2.8268,0.0215,2966,true,Monitor: Bomba ON (override),0,consumo_bajo_bomba_on,true
2026-05-17T16:20:04.778Z,2.8570,0.0302,2979,true,Monitor: Bomba ON (override),0,consumo_bajo_bomba_on,true
2026-05-17T16:20:07.835Z,2.8656,0.0086,3057,true,Monitor: Bomba ON (override),0,consumo_bajo_bomba_on,true
2026-05-17T16:20:10.802Z,2.8871,0.0215,2967,true,Monitor: Bomba ON (override),0,consumo_bajo_bomba_on,true
2026-05-17T16:20:13.860Z,2.9001,0.0129,3058,true,Monitor: Bomba ON (override),0,consumo_bajo_bomba_on,true
2026-05-17T16:20:16.824Z,2.9173,0.0172,2964,true,Monitor: Bomba ON (override),0,consumo_bajo_bomba_on,true
2026-05-17T16:20:19.858Z,2.9130,-0.0043,3034,true,Monitor: Bomba ON (override),0,consumo_bajo_bomba_on,true
2026-05-17T16:20:22.814Z,2.8914,-0.0215,2956,true,Monitor: Bomba ON (override),0,consumo_bajo_bomba_on,true
2026-05-17T16:20:25.787Z,2.8742,-0.0172,2973,true,Monitor: Bomba ON (override),0,consumo_bajo_bomba_on,true
2026-05-17T16:20:28.841Z,2.8527,-0.0215,3054,true,Monitor: Bomba ON (override),0,consumo_bajo_bomba_on,true
2026-05-17T16:20:31.798Z,2.8570,0.0043,2957,true,Monitor: Bomba ON (override),0,consumo_bajo_bomba_on,true
2026-05-17T16:20:34.778Z,2.8656,0.0086,2980,true,Monitor: Bomba ON (override),0,consumo_bajo_bomba_on,true
2026-05-17T16:20:37.774Z,2.8785,0.0129,2996,true,Monitor: Bomba ON (override),0,consumo_bajo_bomba_on,true
2026-05-17T16:20:40.834Z,2.9130,0.0345,3060,true,Monitor: Bomba ON (override),0,consumo_bajo_bomba_on,true
2026-05-17T16:20:43.815Z,2.9001,-0.0129,2981,true,Monitor: Bomba ON (override),0,consumo_bajo_bomba_on,true
2026-05-17T16:20:46.800Z,2.8871,-0.0129,2985,true,Monitor: Bomba ON (override),0,consumo_bajo_bomba_on,true
2026-05-17T16:20:49.852Z,2.8699,-0.0172,3052,true,Monitor: Bomba ON (override),0,consumo_bajo_bomba_on,true
2026-05-17T16:20:52.810Z,2.8268,-0.0431,2958,true,Monitor: Bomba ON (override),0,consumo_bajo_bomba_on,true
2026-05-17T16:20:55.770Z,2.8570,0.0302,2960,true,Monitor: Bomba ON (override),0,consumo_bajo_bomba_on,true
2026-05-17T16:20:58.836Z,2.8828,0.0259,3066,true,Monitor: Bomba ON (override),0,consumo_bajo_bomba_on,true
2026-05-17T16:21:01.796Z,2.8958,0.0129,2960,true,Monitor: Bomba ON (override),0,consumo_bajo_bomba_on,true
2026-05-17T16:21:04.850Z,2.9302,0.0345,3054,true,Monitor: Bomba ON (override),0,consumo_bajo_bomba_on,true
2026-05-17T16:21:07.811Z,2.9130,-0.0172,2961,true,Monitor: Bomba ON (override),0,consumo_bajo_bomba_on,true
2026-05-17T16:21:10.775Z,2.8742,-0.0388,2964,true,Monitor: Bomba ON (override),0,consumo_bajo_bomba_on,true
2026-05-17T16:21:13.831Z,2.8397,-0.0345,3056,true,Monitor: Bomba ON (override),0,consumo_bajo_bomba_on,true
2026-05-17T16:21:16.791Z,2.8311,-0.0086,2960,true,Monitor: Bomba ON (override),0,consumo_bajo_bomba_on,true
2026-05-17T16:21:19.776Z,2.8527,0.0215,2985,true,Monitor: Bomba ON (override),0,consumo_bajo_bomba_on,true
2026-05-17T16:21:22.827Z,2.8785,0.0259,3051,true,Monitor: Bomba ON (override),0,consumo_bajo_bomba_on,true
2026-05-17T16:21:25.789Z,2.8871,0.0086,2962,true,Monitor: Bomba ON (override),0,consumo_bajo_bomba_on,true
2026-05-17T16:21:28.849Z,2.8914,0.0043,3060,true,Monitor: Bomba ON (override),0,consumo_bajo_bomba_on,true
2026-05-17T16:21:31.808Z,2.8958,0.0043,2959,true,Monitor: Bomba ON (override),0,consumo_bajo_bomba_on,true
2026-05-17T16:21:34.774Z,2.8656,-0.0302,2966,true,Monitor: Bomba ON (override),0,consumo_bajo_bomba_on,true
2026-05-17T16:21:37.827Z,2.8440,-0.0215,3053,true,Monitor: Bomba ON (override),0,consumo_bajo_bomba_on,true
2026-05-17T16:21:40.785Z,2.8397,-0.0043,2958,true,Monitor: Bomba ON (override),0,consumo_bajo_bomba_on,true
2026-05-17T16:21:43.852Z,2.8354,-0.0043,3067,true,Monitor: Bomba ON (override),0,consumo_bajo_bomba_on,true
2026-05-17T16:21:46.809Z,2.8311,-0.0043,2957,true,Monitor: Bomba ON (override),0,consumo_bajo_bomba_on,true
2026-05-17T16:21:49.766Z,2.8010,-0.0302,2957,true,Monitor: Bomba ON (override),0,consumo_bajo_bomba_on,true
2026-05-17T16:21:52.823Z,2.8096,0.0086,3057,true,Monitor: Bomba ON (override),0,consumo_bajo_bomba_on,true
2026-05-17T16:21:55.792Z,2.8397,0.0302,2969,true,Monitor: Bomba ON (override),0,consumo_bajo_bomba_on,true
2026-05-17T16:21:58.808Z,2.8527,0.0129,3016,true,Monitor: Bomba ON (override),0,consumo_bajo_bomba_on,true
2026-05-17T16:22:01.765Z,2.8785,0.0259,2957,true,Monitor: Bomba ON (override),0,recuperacion_consumo_bajo,true
2026-05-17T16:22:04.822Z,2.8742,-0.0043,3057,true,Monitor: Bomba ON (override),0,recuperacion_consumo_bajo,true
2026-05-17T16:22:07.784Z,2.8268,-0.0474,2962,true,Monitor: Bomba ON (override),0,recuperacion_consumo_bajo,true
2026-05-17T16:22:10.767Z,2.8053,-0.0215,2983,true,Monitor: Bomba ON (override),0,recuperacion_consumo_bajo,true
2026-05-17T16:22:13.832Z,2.8010,-0.0043,3065,true,Monitor: Bomba ON (override),0,recuperacion_consumo_bajo,true
2026-05-17T16:22:16.783Z,2.7794,-0.0215,2951,true,Monitor: Bomba ON (override),0,recuperacion_consumo_bajo,true
2026-05-17T16:22:19.845Z,2.7751,-0.0043,3062,true,Monitor: Bomba ON (override),0,recuperacion_consumo_bajo,true
2026-05-17T16:22:22.805Z,2.8440,0.0689,2960,true,Monitor: Bomba ON (override),0,recuperacion_consumo_bajo,true
2026-05-17T16:22:25.764Z,2.9216,0.0776,2959,true,Monitor: Bomba ON (override),0,recuperacion_consumo_bajo,true
2026-05-17T16:22:28.828Z,2.9518,0.0302,3064,true,Monitor: Bomba ON (override),0,recuperacion_consumo_bajo,true
2026-05-17T16:22:31.783Z,2.9733,0.0215,2955,true,Monitor: Bomba ON (override),0,recuperacion_consumo_bajo,true
2026-05-17T16:22:34.838Z,2.9345,-0.0388,3055,true,Monitor: Bomba ON (override),0,recuperacion_consumo_bajo,true
2026-05-17T16:22:37.847Z,2.9259,-0.0086,3009,true,Monitor: Bomba ON (override),0,recuperacion_consumo_bajo,true
2026-05-17T16:22:40.800Z,2.9302,0.0043,2953,true,Monitor: Bomba ON (override),0,recuperacion_consumo_bajo,true
2026-05-17T16:22:43.767Z,2.9216,-0.0086,2967,true,Monitor: Bomba ON (override),0,recuperacion_consumo_bajo,true
2026-05-17T16:22:46.817Z,2.9173,-0.0043,3050,true,Monitor: Bomba ON (override),0,recuperacion_consumo_bajo,true
2026-05-17T16:22:49.777Z,2.9259,0.0086,2960,true,Monitor: Bomba ON (override),0,recuperacion_consumo_bajo,true
2026-05-17T16:22:52.838Z,2.9604,0.0345,3061,true,Monitor: Bomba ON (override),0,recuperacion_consumo_bajo,true
2026-05-17T16:22:55.799Z,2.9862,0.0259,2961,true,Monitor: Bomba ON (override),0,recuperacion_consumo_bajo,true
2026-05-17T16:22:58.758Z,3.0164,0.0302,2959,true,Monitor: Bomba ON (override),0,recuperacion_consumo_bajo,true
2026-05-17T16:23:01.844Z,3.0552,0.0388,3086,true,Monitor: Bomba ON (override),0,recuperacion_consumo_bajo,true
2026-05-17T16:23:04.793Z,3.0164,-0.0388,2949,true,Monitor: Bomba ON (override),0,recuperacion_consumo_bajo,true
2026-05-17T16:23:07.756Z,2.9949,-0.0215,2963,true,Monitor: Bomba ON (override),0,recuperacion_consumo_bajo,true
2026-05-17T16:23:10.818Z,2.9690,-0.0259,3062,true,Monitor: Bomba ON (override),0,recuperacion_consumo_bajo,true
2026-05-17T16:23:13.789Z,2.9561,-0.0129,2971,true,Monitor: Bomba ON (override),0,recuperacion_consumo_bajo,true
2026-05-17T16:23:16.756Z,2.9862,0.0302,2967,true,Monitor: Bomba ON (override),0,recuperacion_consumo_bajo,true
2026-05-17T16:23:19.845Z,3.0078,0.0215,3089,true,Monitor: Bomba ON (override),0,recuperacion_consumo_bajo,true
2026-05-17T16:23:22.798Z,3.0250,0.0172,2953,true,Monitor: Bomba ON (override),0,recuperacion_consumo_bajo,true
2026-05-17T16:23:25.752Z,3.0509,0.0259,2954,true,Monitor: Bomba ON (override),0,recuperacion_consumo_bajo,true
2026-05-17T16:23:28.819Z,3.0681,0.0172,3067,true,Monitor: Bomba ON (override),0,recuperacion_consumo_bajo,true
2026-05-17T16:23:31.775Z,3.0423,-0.0259,2956,true,Monitor: Bomba ON (override),0,recuperacion_consumo_bajo,true
2026-05-17T16:23:34.837Z,3.0078,-0.0345,3062,true,Monitor: Bomba ON (override),0,recuperacion_consumo_bajo,true
2026-05-17T16:23:37.814Z,2.9992,-0.0086,2977,true,Monitor: Bomba ON (override),0,recuperacion_consumo_bajo,true
2026-05-17T16:23:40.772Z,2.9604,-0.0388,2958,true,Monitor: Bomba ON (override),0,recuperacion_consumo_bajo,true
2026-05-17T16:23:43.840Z,2.9561,-0.0043,3068,true,Monitor: Bomba ON (override),0,recuperacion_consumo_bajo,true
2026-05-17T16:23:46.790Z,2.9733,0.0172,2950,true,Monitor: Bomba ON (override),0,recuperacion_consumo_bajo,true
2026-05-17T16:23:49.753Z,2.9992,0.0259,2963,false,Monitor: Bomba OFF (override),0,reposo_bomba_off,true
2026-05-17T16:23:52.752Z,3.0164,0.0172,2999,false,Monitor: Bomba OFF (override),0,reposo_bomba_off,true
2026-05-17T16:23:55.813Z,3.0207,0.0043,3061,false,Monitor: Bomba OFF (override),0,reposo_bomba_off,true
2026-05-17T16:23:58.809Z,3.0293,0.0086,2996,false,Monitor: Bomba OFF (override),0,reposo_bomba_off,true
2026-05-17T16:24:01.773Z,3.0380,0.0086,2964,false,Monitor: Bomba OFF (override),0,reposo_bomba_off,true
2026-05-17T16:24:04.830Z,3.0207,-0.0172,3057,false,Monitor: Bomba OFF (override),0,reposo_bomba_off,true
2026-05-17T16:24:07.788Z,3.0121,-0.0086,2958,false,Monitor: Bomba OFF (override),0,reposo_bomba_off,true
2026-05-17T16:24:10.750Z,2.9949,-0.0172,2962,false,Monitor: Bomba OFF (override),0,reposo_bomba_off,true
2026-05-17T16:24:13.806Z,2.9906,-0.0043,3056,false,Monitor: Bomba OFF (override),0,reposo_bomba_off,true
2026-05-17T16:24:16.772Z,2.9949,0.0043,2966,false,Monitor: Bomba OFF (override),0,reposo_bomba_off,true
2026-05-17T16:24:19.809Z,3.0121,0.0172,3037,false,Monitor: Bomba OFF (override),0,reposo_bomba_off,true
2026-05-17T16:24:22.766Z,3.0293,0.0172,2957,false,Monitor: Bomba OFF (override),0,reposo_bomba_off,true
2026-05-17T16:24:25.830Z,3.0509,0.0215,3064,false,Monitor: Bomba OFF (override),0,reposo_bomba_off,true
2026-05-17T16:24:28.787Z,3.0121,-0.0388,2957,false,Monitor: Bomba OFF (override),0,reposo_bomba_off,true
2026-05-17T16:24:31.748Z,2.9906,-0.0215,2961,false,Monitor: Bomba OFF (override),0,reposo_bomba_off,true
2026-05-17T16:24:34.809Z,2.9518,-0.0388,3061,false,Monitor: Bomba OFF (override),0,reposo_bomba_off,true
2026-05-17T16:24:37.807Z,2.9819,0.0302,2998,false,Monitor: Bomba OFF (override),0,reposo_bomba_off,true
2026-05-17T16:24:40.767Z,3.0121,0.0302,2960,false,Monitor: Bomba OFF (override),0,reposo_bomba_off,true
2026-05-17T16:24:43.826Z,3.0466,0.0345,3059,false,Monitor: Bomba OFF (override),0,reposo_bomba_off,true
2026-05-17T16:24:46.809Z,3.0250,-0.0215,2983,false,Monitor: Bomba OFF (override),0,reposo_bomba_off,true
2026-05-17T16:24:49.765Z,2.9906,-0.0345,2956,false,Monitor: Bomba OFF (override),0,reposo_bomba_off,true
2026-05-17T16:24:52.830Z,2.9518,-0.0388,3065,false,Monitor: Bomba OFF (override),0,reposo_bomba_off,true
2026-05-17T16:24:55.784Z,2.9690,0.0172,2954,false,Monitor: Bomba OFF (override),0,reposo_bomba_off,true
2026-05-17T16:24:58.753Z,2.9992,0.0302,2969,false,Monitor: Bomba OFF (override),0,reposo_bomba_off,true
2026-05-17T16:25:01.807Z,3.0121,0.0129,3054,false,Monitor: Bomba OFF (override),0,reposo_bomba_off,true
2026-05-17T16:25:04.767Z,3.0380,0.0259,2960,false,Monitor: Bomba OFF (override),0,reposo_bomba_off,true
2026-05-17T16:25:07.828Z,3.0552,0.0172,3061,false,Monitor: Bomba OFF (override),0,reposo_bomba_off,true
2026-05-17T16:25:10.789Z,3.0250,-0.0302,2961,false,Monitor: Bomba OFF (override),0,reposo_bomba_off,true
2026-05-17T16:25:13.744Z,2.9906,-0.0345,2955,false,Monitor: Bomba OFF (override),0,reposo_bomba_off,true
2026-05-17T16:25:16.803Z,2.9776,-0.0129,3059,false,Monitor: Bomba OFF (override),0,reposo_bomba_off,true
2026-05-17T16:25:19.805Z,2.9561,-0.0215,3002,false,Monitor: Bomba OFF (override),0,reposo_bomba_off,true
2026-05-17T16:25:22.785Z,2.9475,-0.0086,2980,false,Monitor: Bomba OFF (override),0,reposo_bomba_off,true
2026-05-17T16:25:25.745Z,2.9647,0.0172,2960,false,Monitor: Bomba OFF (override),0,reposo_bomba_off,true
2026-05-17T16:25:28.799Z,2.9862,0.0215,3054,false,Monitor: Bomba OFF (override),0,reposo_bomba_off,true
2026-05-17T16:25:31.763Z,2.9862,0.0000,2964,false,Monitor: Bomba OFF (override),0,reposo_bomba_off,true
2026-05-17T16:25:34.837Z,2.9733,-0.0129,3074,false,Monitor: Bomba OFF (override),0,reposo_bomba_off,true
2026-05-17T16:25:37.801Z,2.9475,-0.0259,2964,false,Monitor: Bomba OFF (override),0,reposo_bomba_off,true
2026-05-17T16:25:40.787Z,2.9388,-0.0086,2986,false,Monitor: Bomba OFF (override),0,reposo_bomba_off,true
2026-05-17T16:25:43.745Z,2.9432,0.0043,2958,false,Monitor: Bomba OFF (override),0,reposo_bomba_off,true
2026-05-17T16:25:46.799Z,2.9388,-0.0043,3054,false,Monitor: Bomba OFF (override),0,reposo_bomba_off,true
2026-05-17T16:25:49.756Z,2.9345,-0.0043,2957,false,Monitor: Bomba OFF (override),0,reposo_bomba_off,true
2026-05-17T16:25:52.822Z,2.9518,0.0172,3066,false,Monitor: Bomba OFF (override),0,reposo_bomba_off,true
2026-05-17T16:25:55.780Z,2.9819,0.0302,2958,false,Monitor: Bomba OFF (override),0,reposo_bomba_off,true
2026-05-17T16:25:58.779Z,2.9992,0.0172,2999,false,Monitor: Bomba OFF (override),0,reposo_bomba_off,true
2026-05-17T16:26:01.757Z,3.0250,0.0259,2978,false,Monitor: Bomba OFF (override),0,reposo_bomba_off,true
2026-05-17T16:26:04.820Z,3.0250,0.0000,3063,false,Monitor: Bomba OFF (override),0,reposo_bomba_off,true
2026-05-17T16:26:07.771Z,2.9949,-0.0302,2951,false,Monitor: Bomba OFF (override),0,consumo_alto_bomba_off,true
2026-05-17T16:26:10.739Z,2.9733,-0.0215,2968,false,Monitor: Bomba OFF (override),0,consumo_alto_bomba_off,true
2026-05-17T16:26:13.796Z,2.9388,-0.0345,3057,false,Monitor: Bomba OFF (override),0,consumo_alto_bomba_off,true
2026-05-17T16:26:16.784Z,2.9733,0.0345,2988,false,Monitor: Bomba OFF (override),0,consumo_alto_bomba_off,true
2026-05-17T16:26:19.821Z,2.9949,0.0215,3037,false,Monitor: Bomba OFF (override),0,consumo_alto_bomba_off,true
2026-05-17T16:26:22.772Z,2.4993,-0.4956,2951,false,Monitor: Bomba OFF (override),0,consumo_alto_bomba_off,true
2026-05-17T16:26:25.735Z,0.3620,-2.1373,2963,false,Monitor: Bomba OFF (override),0,consumo_alto_bomba_off,true
2026-05-17T16:26:28.800Z,0.1594,-0.2025,3065,false,Monitor: Bomba OFF (override),0,consumo_alto_bomba_off,true
2026-05-17T16:26:31.774Z,0.1077,-0.0517,2974,false,Monitor: Bomba OFF (override),0,consumo_alto_bomba_off,true
2026-05-17T16:26:34.728Z,0.1077,0.0000,2954,false,Monitor: Bomba OFF (override),0,consumo_alto_bomba_off,true
2026-05-17T16:26:37.754Z,0.1422,0.0345,3026,false,Monitor: Bomba OFF (override),0,consumo_alto_bomba_off,true
2026-05-17T16:26:40.811Z,0.1637,0.0215,3057,false,Monitor: Bomba OFF (override),0,consumo_alto_bomba_off,true
2026-05-17T16:26:43.779Z,0.1681,0.0043,2968,false,Monitor: Bomba OFF (override),0,consumo_alto_bomba_off,true
2026-05-17T16:26:46.753Z,0.1939,0.0259,2974,false,Monitor: Bomba OFF (override),0,consumo_alto_bomba_off,true
2026-05-17T16:26:49.813Z,0.1551,-0.0388,3060,false,Monitor: Bomba OFF (override),0,consumo_alto_bomba_off,true
2026-05-17T16:26:52.769Z,0.1163,-0.0388,2956,false,Monitor: Bomba OFF (override),0,consumo_alto_bomba_off,true
2026-05-17T16:26:55.731Z,0.1250,0.0086,2962,false,Monitor: Bomba OFF (override),0,consumo_alto_bomba_off,true
2026-05-17T16:26:58.791Z,0.1681,0.0431,3060,false,Monitor: Bomba OFF (override),0,consumo_alto_bomba_off,true
2026-05-17T16:27:01.745Z,0.1767,0.0086,2954,false,Monitor: Bomba OFF (override),0,consumo_alto_bomba_off,true
2026-05-17T16:27:04.810Z,0.1077,-0.0689,3065,false,Monitor: Bomba OFF (override),0,consumo_alto_bomba_off,true
2026-05-17T16:27:07.767Z,0.1034,-0.0043,2957,false,Monitor: Bomba OFF (override),0,consumo_alto_bomba_off,true
2026-05-17T16:27:10.726Z,0.1422,0.0388,2959,false,Monitor: Bomba OFF (override),0,consumo_alto_bomba_off,true
2026-05-17T16:27:13.789Z,0.1637,0.0215,3063,false,Monitor: Bomba OFF (override),0,consumo_alto_bomba_off,true
2026-05-17T16:27:16.746Z,0.1810,0.0172,2957,false,Monitor: Bomba OFF (override),0,consumo_alto_bomba_off,true
2026-05-17T16:27:19.726Z,0.1681,-0.0129,2980,false,Monitor: Bomba OFF (override),0,consumo_alto_bomba_off,true
2026-05-17T16:27:22.789Z,0.1465,-0.0215,3063,false,Monitor: Bomba OFF (override),0,consumo_alto_bomba_off,true
2026-05-17T16:27:25.748Z,0.1207,-0.0259,2959,false,Monitor: Bomba OFF (override),0,consumo_alto_bomba_off,true
2026-05-17T16:27:28.804Z,0.0776,-0.0431,3056,false,Monitor: Bomba OFF (override),0,consumo_alto_bomba_off,true
2026-05-17T16:27:31.772Z,0.1120,0.0345,2968,false,Monitor: Bomba OFF (override),0,consumo_alto_bomba_off,true
2026-05-17T16:27:34.724Z,0.1508,0.0388,2952,false,Monitor: Bomba OFF (override),0,consumo_alto_bomba_off,true
2026-05-17T16:27:37.786Z,0.1767,0.0259,3062,false,Monitor: Bomba OFF (override),0,consumo_alto_bomba_off,true
2026-05-17T16:27:40.746Z,0.1293,-0.0474,2960,false,Monitor: Bomba OFF (override),0,consumo_alto_bomba_off,true
2026-05-17T16:27:43.725Z,0.0776,-0.0517,2979,false,Monitor: Bomba OFF (override),0,consumo_alto_bomba_off,true
2026-05-17T16:27:46.805Z,0.1120,0.0345,3080,false,Monitor: Bomba OFF (override),0,consumo_alto_bomba_off,true
2026-05-17T16:27:49.769Z,0.1508,0.0388,2964,false,Monitor: Bomba OFF (override),0,consumo_alto_bomba_off,true
2026-05-17T16:27:52.722Z,0.1724,0.0215,2953,false,Monitor: Bomba OFF (override),0,consumo_alto_bomba_off,true
2026-05-17T16:27:55.784Z,0.1767,0.0043,3062,false,Monitor: Bomba OFF (override),0,consumo_alto_bomba_off,true
2026-05-17T16:27:58.786Z,0.1422,-0.0345,3002,false,Monitor: Bomba OFF (override),0,consumo_alto_bomba_off,true
2026-05-17T16:28:01.744Z,0.1163,-0.0259,2958,false,Monitor: Bomba OFF (override),0,consumo_alto_bomba_off,true
2026-05-17T16:28:04.801Z,0.0776,-0.0388,3057,false,Monitor: Bomba OFF (override),0,consumo_alto_bomba_off,true
2026-05-17T16:28:07.759Z,0.1120,0.0345,2958,false,Monitor: Bomba OFF (override),0,consumo_alto_bomba_off,true
2026-05-17T16:28:10.722Z,0.1508,0.0388,2963,false,Monitor: Bomba OFF (override),0,consumo_alto_bomba_off,true
2026-05-17T16:28:13.782Z,0.1810,0.0302,3060,false,Monitor: Bomba OFF (override),0,consumo_alto_bomba_off,true
2026-05-17T16:28:16.766Z,0.1724,-0.0086,2984,false,Monitor: Bomba OFF (override),0,consumo_alto_bomba_off,true
2026-05-17T16:28:19.801Z,0.1336,-0.0388,3035,false,Monitor: Bomba OFF (override),0,consumo_alto_bomba_off,true
2026-05-17T16:28:22.767Z,0.1120,-0.0215,2966,false,Monitor: Bomba OFF (override),0,consumo_alto_bomba_off,true
2026-05-17T16:28:25.723Z,0.0819,-0.0302,2956,false,Monitor: Bomba OFF (override),0,consumo_alto_bomba_off,true
2026-05-17T16:28:28.781Z,0.1207,0.0388,3058,false,Monitor: Bomba OFF (override),0,consumo_alto_bomba_off,true
2026-05-17T16:28:31.740Z,0.1508,0.0302,2959,false,Monitor: Bomba OFF (override),0,consumo_alto_bomba_off,true
2026-05-17T16:28:34.799Z,0.1810,0.0302,3059,false,Monitor: Bomba OFF (override),0,consumo_alto_bomba_off,true
2026-05-17T16:28:37.799Z,0.1767,-0.0043,3000,false,Monitor: Bomba OFF (override),0,consumo_alto_bomba_off,true
2026-05-17T16:28:40.766Z,0.1637,-0.0129,2967,false,Monitor: Bomba OFF (override),0,consumo_alto_bomba_off,true
2026-05-17T16:28:43.738Z,0.1637,0.0000,2972,false,Monitor: Bomba OFF (override),0,consumo_alto_bomba_off,true
2026-05-17T16:28:46.718Z,0.1637,0.0000,2980,false,Monitor: Bomba OFF (override),0,consumo_alto_bomba_off,true
2026-05-17T16:28:49.776Z,0.1422,-0.0215,3058,false,Monitor: Bomba OFF (override),0,consumo_alto_bomba_off,true
2026-05-17T16:28:52.735Z,0.0948,-0.0474,2959,false,Monitor: Bomba OFF (override),0,consumo_alto_bomba_off,true
2026-05-17T16:28:55.797Z,0.0646,-0.0302,3062,false,Monitor: Bomba OFF (override),0,consumo_alto_bomba_off,true
2026-05-17T16:28:58.757Z,0.0560,-0.0086,2960,false,Monitor: Bomba OFF (override),0,consumo_alto_bomba_off,true
2026-05-17T16:29:01.717Z,0.0991,0.0431,2960,false,Monitor: Bomba OFF (override),0,consumo_alto_bomba_off,true
2026-05-17T16:29:04.777Z,0.1250,0.0259,3060,false,Monitor: Bomba OFF (override),0,consumo_alto_bomba_off,true
2026-05-17T16:29:07.755Z,0.1422,0.0172,2978,false,Monitor: Bomba OFF (override),0,consumo_alto_bomba_off,true
2026-05-17T16:29:10.715Z,0.1637,0.0215,2960,false,Monitor: Bomba OFF (override),0,consumo_alto_bomba_off,true
2026-05-17T16:29:13.779Z,0.1077,-0.0560,3064,false,Monitor: Bomba OFF (override),0,consumo_alto_bomba_off,true
2026-05-17T16:29:16.735Z,0.0646,-0.0431,2956,true,Monitor: Bomba ON (override),0,represurizacion,true
2026-05-17T16:29:19.753Z,1.9348,1.8702,3018,true,Monitor: Bomba ON (override),0,represurizacion,true
2026-05-17T16:29:22.731Z,2.3657,0.4309,2978,true,Monitor: Bomba ON (override),0,represurizacion,true
2026-05-17T16:29:25.797Z,2.4088,0.0431,3066,true,Monitor: Bomba ON (override),0,represurizacion,true
2026-05-17T16:29:28.759Z,2.4476,0.0388,2962,true,Monitor: Bomba ON (override),0,represurizacion,true
2026-05-17T16:29:31.716Z,2.4174,-0.0302,2957,true,Monitor: Bomba ON (override),0,represurizacion,true
2026-05-17T16:29:34.793Z,2.3787,-0.0388,3077,true,Monitor: Bomba ON (override),0,represurizacion,true
2026-05-17T16:29:37.752Z,2.4864,0.1077,2959,true,Monitor: Bomba ON (override),0,represurizacion,true
2026-05-17T16:29:40.713Z,2.5467,0.0603,2961,true,Monitor: Bomba ON (override),0,represurizacion,true
2026-05-17T16:29:43.774Z,2.5812,0.0345,3061,true,Monitor: Bomba ON (override),0,represurizacion,true
2026-05-17T16:29:46.733Z,2.6372,0.0560,2959,true,Monitor: Bomba ON (override),0,represurizacion,true
2026-05-17T16:29:49.791Z,2.9302,0.2930,3058,true,Monitor: Bomba ON (override),0,represurizacion,true
2026-05-17T16:29:52.749Z,2.9906,0.0603,2958,true,Monitor: Bomba ON (override),0,represurizacion,true
2026-05-17T16:29:55.711Z,3.0035,0.0129,2962,true,Monitor: Bomba ON (override),0,represurizacion,true
2026-05-17T16:29:58.708Z,3.0078,0.0043,2997,true,Monitor: Bomba ON (override),0,represurizacion,true
2026-05-17T16:30:01.770Z,3.0207,0.0129,3062,true,Monitor: Bomba ON (override),0,represurizacion,true
2026-05-17T16:30:04.732Z,3.0121,-0.0086,2962,true,Monitor: Bomba ON (override),0,represurizacion,true
2026-05-17T16:30:07.787Z,2.9949,-0.0172,3055,true,Monitor: Bomba ON (override),0,represurizacion,true
2026-05-17T16:30:10.749Z,2.9690,-0.0259,2962,true,Monitor: Bomba ON (override),0,represurizacion,true
2026-05-17T16:30:13.706Z,2.9604,-0.0086,2957,true,Monitor: Bomba ON (override),0,represurizacion,true
2026-05-17T16:30:16.776Z,2.9819,0.0215,3070,true,Monitor: Bomba ON (override),0,represurizacion,true
2026-05-17T16:30:19.708Z,3.0250,0.0431,2932,true,Monitor: Bomba ON (override),0,represurizacion,true
2026-05-17T16:30:22.765Z,3.0552,0.0302,3057,true,Monitor: Bomba ON (override),0,represurizacion,true
2026-05-17T16:30:25.725Z,3.0810,0.0259,2960,true,Monitor: Bomba ON (override),0,represurizacion,true
2026-05-17T16:30:28.789Z,3.0767,-0.0043,3064,true,Monitor: Bomba ON (override),0,represurizacion,true
2026-05-17T16:30:31.747Z,3.0380,-0.0388,2958,true,Monitor: Bomba ON (override),0,represurizacion,true
2026-05-17T16:30:34.709Z,3.0250,-0.0129,2962,true,Monitor: Bomba ON (override),0,represurizacion,true
2026-05-17T16:30:37.705Z,2.9906,-0.0345,2996,true,Monitor: Bomba ON (override),0,represurizacion,true
2026-05-17T16:30:40.767Z,2.9949,0.0043,3062,false,Monitor: Bomba OFF (override),0,consumo_bajo_bomba_off,true
2026-05-17T16:30:43.765Z,3.0293,0.0345,2998,false,Monitor: Bomba OFF (override),0,consumo_bajo_bomba_off,true
2026-05-17T16:30:46.726Z,3.0509,0.0215,2961,false,Monitor: Bomba OFF (override),0,consumo_bajo_bomba_off,true
2026-05-17T16:30:49.786Z,3.0810,0.0302,3060,false,Monitor: Bomba OFF (override),0,consumo_bajo_bomba_off,true
2026-05-17T16:30:52.744Z,3.0250,-0.0560,2958,false,Monitor: Bomba OFF (override),0,consumo_bajo_bomba_off,true
2026-05-17T16:30:55.708Z,2.9819,-0.0431,2964,false,Monitor: Bomba OFF (override),0,consumo_bajo_bomba_off,true
2026-05-17T16:30:58.762Z,2.9906,0.0086,3054,false,Monitor: Bomba OFF (override),0,consumo_bajo_bomba_off,true
2026-05-17T16:31:01.724Z,3.0293,0.0388,2962,false,Monitor: Bomba OFF (override),0,consumo_bajo_bomba_off,true
2026-05-17T16:31:04.781Z,3.0509,0.0215,3057,false,Monitor: Bomba OFF (override),0,consumo_bajo_bomba_off,true
2026-05-17T16:31:07.742Z,3.0035,-0.0474,2961,false,Monitor: Bomba OFF (override),0,consumo_bajo_bomba_off,true
2026-05-17T16:31:10.703Z,2.9561,-0.0474,2961,false,Monitor: Bomba OFF (override),0,consumo_bajo_bomba_off,true
2026-05-17T16:31:13.761Z,3.0035,0.0474,3058,false,Monitor: Bomba OFF (override),0,consumo_bajo_bomba_off,true
2026-05-17T16:31:16.721Z,1.1807,-1.8228,2960,false,Monitor: Bomba OFF (override),0,consumo_bajo_bomba_off,true
2026-05-17T16:31:19.698Z,0.2499,-0.9308,2977,false,Monitor: Bomba OFF (override),0,consumo_bajo_bomba_off,true
2026-05-17T16:31:22.760Z,0.1508,-0.0991,3062,false,Monitor: Bomba OFF (override),0,consumo_bajo_bomba_off,true
2026-05-17T16:31:25.718Z,0.0948,-0.0560,2958,false,Monitor: Bomba OFF (override),0,consumo_bajo_bomba_off,true
2026-05-17T16:31:28.781Z,0.1336,0.0388,3063,false,Monitor: Bomba OFF (override),0,consumo_bajo_bomba_off,true
2026-05-17T16:31:31.737Z,0.1681,0.0345,2956,false,Monitor: Bomba OFF (override),0,consumo_bajo_bomba_off,true
2026-05-17T16:31:34.699Z,0.1853,0.0172,2962,false,Monitor: Bomba OFF (override),0,consumo_bajo_bomba_off,true
2026-05-17T16:31:37.760Z,0.1336,-0.0517,3061,false,Monitor: Bomba OFF (override),0,consumo_bajo_bomba_off,true
2026-05-17T16:31:40.719Z,0.1163,-0.0172,2959,false,Monitor: Bomba OFF (override),0,consumo_bajo_bomba_off,true
2026-05-17T16:31:43.774Z,0.1637,0.0474,3055,false,Monitor: Bomba OFF (override),0,consumo_bajo_bomba_off,true
2026-05-17T16:31:46.741Z,0.1853,0.0215,2967,false,Monitor: Bomba OFF (override),0,consumo_bajo_bomba_off,true
2026-05-17T16:31:49.698Z,0.1465,-0.0388,2957,false,Monitor: Bomba OFF (override),0,consumo_bajo_bomba_off,true
2026-05-17T16:31:52.771Z,0.1034,-0.0431,3073,false,Monitor: Bomba OFF (override),0,consumo_bajo_bomba_off,true
2026-05-17T16:31:55.735Z,0.1594,0.0560,2964,false,Monitor: Bomba OFF (override),0,consumo_bajo_bomba_off,true
2026-05-17T16:31:58.736Z,0.1939,0.0345,3001,false,Monitor: Bomba OFF (override),0,consumo_bajo_bomba_off,true
2026-05-17T16:32:01.716Z,0.1681,-0.0259,2980,false,Monitor: Bomba OFF (override),0,consumo_bajo_bomba_off,true
2026-05-17T16:32:04.773Z,0.1207,-0.0474,3057,false,Monitor: Bomba OFF (override),0,consumo_bajo_bomba_off,true
2026-05-17T16:32:07.730Z,0.1163,-0.0043,2957,false,Monitor: Bomba OFF (override),0,consumo_bajo_bomba_off,true
2026-05-17T16:32:10.702Z,0.1637,0.0474,2972,false,Monitor: Bomba OFF (override),0,consumo_bajo_bomba_off,true
2026-05-17T16:32:13.772Z,0.1982,0.0345,3070,false,Monitor: Bomba OFF (override),0,consumo_bajo_bomba_off,true
2026-05-17T16:32:16.734Z,0.1637,-0.0345,2962,false,Monitor: Bomba OFF (override),0,consumo_bajo_bomba_off,true
2026-05-17T16:32:19.773Z,0.1250,-0.0388,3039,false,Monitor: Bomba OFF (override),0,consumo_bajo_bomba_off,true
2026-05-17T16:32:22.730Z,0.1120,-0.0129,2957,false,Monitor: Bomba OFF (override),0,consumo_bajo_bomba_off,true
2026-05-17T16:32:25.696Z,0.1637,0.0517,2966,false,Monitor: Bomba OFF (override),0,consumo_bajo_bomba_off,true
2026-05-17T16:32:28.759Z,0.1982,0.0345,3063,false,Monitor: Bomba OFF (override),0,consumo_bajo_bomba_off,true
2026-05-17T16:32:31.732Z,0.1637,-0.0345,2973,false,Monitor: Bomba OFF (override),0,consumo_bajo_bomba_off,true
2026-05-17T16:32:34.717Z,0.1293,-0.0345,2985,false,Monitor: Bomba OFF (override),0,consumo_bajo_bomba_off,true
2026-05-17T16:32:37.717Z,0.0948,-0.0345,3000,false,Monitor: Bomba OFF (override),0,consumo_bajo_bomba_off,true
2026-05-17T16:32:40.689Z,0.1379,0.0431,2972,false,Monitor: Bomba OFF (override),0,consumo_bajo_bomba_off,true
2026-05-17T16:32:43.751Z,0.1681,0.0302,3062,false,Monitor: Bomba OFF (override),0,consumo_bajo_bomba_off,true
2026-05-17T16:32:46.711Z,0.1939,0.0259,2960,false,Monitor: Bomba OFF (override),0,consumo_bajo_bomba_off,true
2026-05-17T16:32:49.692Z,0.1853,-0.0086,2981,false,Monitor: Bomba OFF (override),0,consumo_bajo_bomba_off,true
2026-05-17T16:32:52.750Z,0.1422,-0.0431,3058,false,Monitor: Bomba OFF (override),0,consumo_bajo_bomba_off,true
2026-05-17T16:32:55.706Z,0.1077,-0.0345,2956,false,Monitor: Bomba OFF (override),0,consumo_bajo_bomba_off,true
2026-05-17T16:32:58.772Z,0.1637,0.0560,3066,false,Monitor: Bomba OFF (override),0,consumo_bajo_bomba_off,true
2026-05-17T16:33:01.726Z,0.1853,0.0215,2954,false,Monitor: Bomba OFF (override),0,consumo_bajo_bomba_off,true
2026-05-17T16:33:04.700Z,0.1939,0.0086,2974,false,Monitor: Bomba OFF (override),0,consumo_bajo_bomba_off,true
2026-05-17T16:33:07.743Z,0.1508,-0.0431,3043,false,Monitor: Bomba OFF (override),0,consumo_bajo_bomba_off,true
2026-05-17T16:33:10.728Z,0.1034,-0.0474,2985,false,Monitor: Bomba OFF (override),0,consumo_bajo_bomba_off,true
2026-05-17T16:33:13.768Z,0.1336,0.0302,3040,false,Monitor: Bomba OFF (override),0,consumo_bajo_bomba_off,true
2026-05-17T16:33:16.727Z,0.1681,0.0345,2959,false,Monitor: Bomba OFF (override),0,consumo_bajo_bomba_off,true
2026-05-17T16:33:19.712Z,0.1982,0.0302,2985,false,Monitor: Bomba OFF (override),0,consumo_bajo_bomba_off,true
2026-05-17T16:33:22.709Z,0.1810,-0.0172,2997,false,Monitor: Bomba OFF (override),0,consumo_bajo_bomba_off,true
2026-05-17T16:33:25.749Z,0.1422,-0.0388,3040,false,Monitor: Bomba OFF (override),0,consumo_bajo_bomba_off,true
2026-05-17T16:33:28.725Z,0.0948,-0.0474,2976,false,Monitor: Bomba OFF (override),0,consumo_bajo_bomba_off,true
2026-05-17T16:33:31.709Z,0.1465,0.0517,2984,false,Monitor: Bomba OFF (override),0,consumo_bajo_bomba_off,true
2026-05-17T16:33:34.745Z,0.1681,0.0215,3036,false,Monitor: Bomba OFF (override),0,consumo_bajo_bomba_off,true
2026-05-17T16:33:37.724Z,0.1896,0.0215,2979,false,Monitor: Bomba OFF (override),0,consumo_bajo_bomba_off,true
2026-05-17T16:33:40.764Z,0.1508,-0.0388,3040,false,Monitor: Bomba OFF (override),0,consumo_bajo_bomba_off,true
2026-05-17T16:33:43.743Z,0.1077,-0.0431,2979,false,Monitor: Bomba OFF (override),0,consumo_bajo_bomba_off,true
2026-05-17T16:33:46.743Z,0.1336,0.0259,3000,false,Monitor: Bomba OFF (override),0,consumo_bajo_bomba_off,true
2026-05-17T16:33:49.721Z,0.1681,0.0345,2978,false,Monitor: Bomba OFF (override),0,consumo_bajo_bomba_off,true
2026-05-17T16:33:52.683Z,0.1982,0.0302,2962,false,Monitor: Bomba OFF (override),0,consumo_bajo_bomba_off,true
2026-05-17T16:33:55.742Z,0.1896,-0.0086,3059,false,Monitor: Bomba OFF (override),0,consumo_bajo_bomba_off,true
2026-05-17T16:33:58.742Z,0.1508,-0.0388,3000,false,Monitor: Bomba OFF (override),0,consumo_bajo_bomba_off,true
2026-05-17T16:34:01.730Z,0.1422,-0.0086,2988,false,Monitor: Bomba OFF (override),0,consumo_bajo_bomba_off,true
2026-05-17T16:34:04.682Z,0.1034,-0.0388,2952,false,Monitor: Bomba OFF (override),0,consumo_bajo_bomba_off,true
2026-05-17T16:34:07.736Z,0.1077,0.0043,3054,false,Monitor: Bomba OFF (override),0,consumo_bajo_bomba_off,true
2026-05-17T16:34:10.705Z,0.1551,0.0474,2969,false,Monitor: Bomba OFF (override),0,consumo_bajo_bomba_off,true
2026-05-17T16:34:13.775Z,0.1767,0.0215,3070,false,Monitor: Bomba OFF (override),0,consumo_bajo_bomba_off,true
2026-05-17T16:34:16.739Z,0.1939,0.0172,2964,false,Monitor: Bomba OFF (override),0,consumo_bajo_bomba_off,true
2026-05-17T16:34:19.681Z,0.1465,-0.0474,2942,false,Monitor: Bomba OFF (override),0,consumo_bajo_bomba_off,true
2026-05-17T16:34:22.750Z,0.1034,-0.0431,3069,false,Monitor: Bomba OFF (override),0,consumo_bajo_bomba_off,true
2026-05-17T16:34:25.700Z,0.1163,0.0129,2950,false,Monitor: Bomba OFF (override),0,consumo_bajo_bomba_off,true
2026-05-17T16:34:28.759Z,0.1594,0.0431,3059,false,Monitor: Bomba OFF (override),0,consumo_bajo_bomba_off,true
2026-05-17T16:34:31.717Z,0.1810,0.0215,2958,false,Monitor: Bomba OFF (override),0,consumo_bajo_bomba_off,true
2026-05-17T16:34:34.681Z,0.1853,0.0043,2964,false,Monitor: Bomba OFF (override),0,consumo_bajo_bomba_off,true
2026-05-17T16:34:37.679Z,0.1207,-0.0646,2998,false,Monitor: Bomba OFF (override),0,consumo_bajo_bomba_off,true
2026-05-17T16:34:40.763Z,0.1250,0.0043,3084,false,Monitor: Bomba OFF (override),0,consumo_bajo_bomba_off,true
2026-05-17T16:34:43.698Z,0.1681,0.0431,2935,false,Monitor: Bomba OFF (override),0,consumo_bajo_bomba_off,true
2026-05-17T16:34:46.760Z,0.1939,0.0259,3062,false,Monitor: Bomba OFF (override),0,consumo_bajo_bomba_off,true
2026-05-17T16:34:49.716Z,0.1508,-0.0431,2956,false,Monitor: Bomba OFF (override),0,consumo_bajo_bomba_off,true
2026-05-17T16:34:52.677Z,0.1077,-0.0431,2961,false,Monitor: Bomba OFF (override),0,consumo_bajo_bomba_off,true
2026-05-17T16:34:55.741Z,0.1637,0.0560,3064,false,Monitor: Bomba OFF (override),0,consumo_bajo_bomba_off,true
2026-05-17T16:34:58.693Z,0.1810,0.0172,2952,false,Monitor: Bomba OFF (override),0,consumo_bajo_bomba_off,true
2026-05-17T16:35:01.780Z,0.1163,-0.0646,3087,false,Monitor: Bomba OFF (override),0,consumo_bajo_bomba_off,true
2026-05-17T16:35:04.713Z,0.1336,0.0172,2933,true,Monitor: Bomba ON (override),0,represurizacion_2,true
2026-05-17T16:35:07.717Z,2.6113,2.4778,3004,true,Monitor: Bomba ON (override),0,represurizacion_2,true
2026-05-17T16:35:10.680Z,2.9388,0.3275,2963,true,Monitor: Bomba ON (override),0,represurizacion_2,true
2026-05-17T16:35:13.735Z,2.9044,-0.0345,3055,true,Monitor: Bomba ON (override),0,represurizacion_2,true
2026-05-17T16:35:16.698Z,2.8785,-0.0259,2963,true,Monitor: Bomba ON (override),0,represurizacion_2,true
2026-05-17T16:35:19.675Z,2.9130,0.0345,2977,true,Monitor: Bomba ON (override),0,represurizacion_2,true
2026-05-17T16:35:22.740Z,2.9432,0.0302,3065,true,Monitor: Bomba ON (override),0,represurizacion_2,true
2026-05-17T16:35:25.694Z,2.9475,0.0043,2954,true,Monitor: Bomba ON (override),0,represurizacion_2,true
2026-05-17T16:35:28.757Z,2.9044,-0.0431,3063,true,Monitor: Bomba ON (override),0,represurizacion_2,true
2026-05-17T16:35:31.710Z,2.8699,-0.0345,2953,true,Monitor: Bomba ON (override),0,represurizacion_2,true
2026-05-17T16:35:34.676Z,2.9906,0.1207,2966,true,Monitor: Bomba ON (override),0,represurizacion_2,true
2026-05-17T16:35:37.732Z,3.0336,0.0431,3056,true,Monitor: Bomba ON (override),0,represurizacion_2,true
2026-05-17T16:35:40.696Z,3.0681,0.0345,2964,true,Monitor: Bomba ON (override),0,represurizacion_2,true
2026-05-17T16:35:43.748Z,3.0897,0.0215,3052,true,Monitor: Bomba ON (override),0,represurizacion_2,true
2026-05-17T16:35:46.719Z,3.0423,-0.0474,2971,true,Monitor: Bomba ON (override),0,represurizacion_2,true
2026-05-17T16:35:49.690Z,2.9992,-0.0431,2971,true,Monitor: Bomba ON (override),0,represurizacion_2,true
2026-05-17T16:35:52.755Z,3.0336,0.0345,3065,true,Monitor: Bomba ON (override),0,represurizacion_2,true
2026-05-17T16:35:55.707Z,3.0724,0.0388,2952,true,Monitor: Bomba ON (override),0,represurizacion_2,true
2026-05-17T16:35:58.714Z,3.0983,0.0259,3007,true,Monitor: Bomba ON (override),0,represurizacion_2,true
2026-05-17T16:36:01.726Z,3.0724,-0.0259,3012,true,Monitor: Bomba ON (override),0,represurizacion_2,true
2026-05-17T16:36:04.690Z,3.0380,-0.0345,2964,true,Monitor: Bomba ON (override),0,represurizacion_2,true
2026-05-17T16:36:07.747Z,3.0035,-0.0345,3057,true,Monitor: Bomba ON (override),0,represurizacion_2,true
2026-05-17T16:36:10.709Z,3.0638,0.0603,2962,true,Monitor: Bomba ON (override),0,represurizacion_2,true
2026-05-17T16:36:13.668Z,3.0810,0.0172,2959,true,Monitor: Bomba ON (override),0,represurizacion_2,true
2026-05-17T16:36:16.729Z,3.0164,-0.0646,3061,true,Monitor: Bomba ON (override),0,represurizacion_2,true
2026-05-17T16:36:19.664Z,3.0767,0.0603,2935,true,Monitor: Bomba ON (override),0,represurizacion_2,true
2026-05-17T16:36:22.726Z,3.0810,0.0043,3062,true,Monitor: Bomba ON (override),0,intermitente_bomba_on,true
2026-05-17T16:36:25.681Z,3.0466,-0.0345,2955,true,Monitor: Bomba ON (override),0,intermitente_bomba_on,true
2026-05-17T16:36:28.753Z,3.0121,-0.0345,3072,true,Monitor: Bomba ON (override),0,intermitente_bomba_on,true
2026-05-17T16:36:31.703Z,3.0681,0.0560,2950,true,Monitor: Bomba ON (override),0,intermitente_bomba_on,true
2026-05-17T16:36:34.663Z,3.1026,0.0345,2960,true,Monitor: Bomba ON (override),0,intermitente_bomba_on,true
2026-05-17T16:36:37.662Z,3.0810,-0.0215,2999,true,Monitor: Bomba ON (override),0,intermitente_bomba_on,true
2026-05-17T16:36:40.730Z,3.0466,-0.0345,3068,true,Monitor: Bomba ON (override),0,intermitente_bomba_on,true
2026-05-17T16:36:43.682Z,3.0121,-0.0345,2952,true,Monitor: Bomba ON (override),0,intermitente_bomba_on,true
2026-05-17T16:36:46.743Z,2.9733,-0.0388,3061,true,Monitor: Bomba ON (override),0,intermitente_bomba_on,true
2026-05-17T16:36:49.699Z,2.9432,-0.0302,2956,true,Monitor: Bomba ON (override),0,intermitente_bomba_on,true
2026-05-17T16:36:52.672Z,2.8828,-0.0603,2973,true,Monitor: Bomba ON (override),0,intermitente_bomba_on,true
2026-05-17T16:36:55.726Z,2.6631,-0.2198,3054,true,Monitor: Bomba ON (override),0,intermitente_bomba_on,true
2026-05-17T16:36:58.686Z,2.6415,-0.0215,2960,true,Monitor: Bomba ON (override),0,intermitente_bomba_on,true
2026-05-17T16:37:01.742Z,2.6674,0.0259,3056,true,Monitor: Bomba ON (override),0,intermitente_bomba_on,true
2026-05-17T16:37:04.698Z,2.9087,0.2413,2956,true,Monitor: Bomba ON (override),0,intermitente_bomba_on,true
2026-05-17T16:37:07.662Z,3.0121,0.1034,2964,true,Monitor: Bomba ON (override),0,intermitente_bomba_on,true
2026-05-17T16:37:10.724Z,2.9949,-0.0172,3062,true,Monitor: Bomba ON (override),0,intermitente_bomba_on,true
2026-05-17T16:37:13.682Z,3.0423,0.0474,2958,true,Monitor: Bomba ON (override),0,intermitente_bomba_on,true
2026-05-17T16:37:21.981Z,2.7105,-0.3318,8299,true,Monitor: Bomba ON (override),0,intermitente_bomba_on,true
2026-05-17T16:37:23.135Z,2.6372,-0.0733,1154,true,Monitor: Bomba ON (override),0,intermitente_bomba_on,true
2026-05-17T16:37:25.717Z,2.6329,-0.0043,2582,true,Monitor: Bomba ON (override),0,intermitente_bomba_on,true
2026-05-17T16:37:28.676Z,2.6717,0.0388,2959,true,Monitor: Bomba ON (override),0,intermitente_bomba_on,true
2026-05-17T16:37:31.745Z,2.8268,0.1551,3069,true,Monitor: Bomba ON (override),0,intermitente_bomba_on,true
2026-05-17T16:37:34.718Z,2.8096,-0.0172,2973,true,Monitor: Bomba ON (override),0,intermitente_bomba_on,true
2026-05-17T16:37:37.678Z,2.9173,0.1077,2960,true,Monitor: Bomba ON (override),0,intermitente_bomba_on,true
2026-05-17T16:37:40.743Z,2.9432,0.0259,3065,true,Monitor: Bomba ON (override),0,intermitente_bomba_on,true
2026-05-17T16:37:43.734Z,2.8871,-0.0560,2991,true,Monitor: Bomba ON (override),0,intermitente_bomba_on,true
2026-05-17T16:37:46.711Z,2.9216,0.0345,2977,true,Monitor: Bomba ON (override),0,intermitente_bomba_on,true
2026-05-17T16:37:49.683Z,3.0207,0.0991,2972,true,Monitor: Bomba ON (override),0,intermitente_bomba_on,true
2026-05-17T16:37:52.662Z,2.9561,-0.0646,2979,true,Monitor: Bomba ON (override),0,intermitente_bomba_on,true
2026-05-17T16:37:55.723Z,2.9044,-0.0517,3061,true,Monitor: Bomba ON (override),0,intermitente_bomba_on,true
2026-05-17T16:37:58.664Z,2.9216,0.0172,2941,true,Monitor: Bomba ON (override),0,intermitente_bomba_on,true
2026-05-17T16:38:01.738Z,2.9518,0.0302,3074,true,Monitor: Bomba ON (override),0,intermitente_bomba_on,true
2026-05-17T16:38:04.740Z,2.9130,-0.0388,3002,true,Monitor: Bomba ON (override),0,intermitente_bomba_on,true
2026-05-17T16:38:07.655Z,2.8871,-0.0259,2915,true,Monitor: Bomba ON (override),0,intermitente_bomba_on,true
2026-05-17T16:38:10.718Z,2.8527,-0.0345,3063,true,Monitor: Bomba ON (override),0,intermitente_bomba_on,true
2026-05-17T16:38:13.671Z,2.7277,-0.1250,2953,true,Monitor: Bomba ON (override),0,intermitente_bomba_on,true
2026-05-17T16:38:16.734Z,2.5295,-0.1982,3063,true,Monitor: Bomba ON (override),0,intermitente_bomba_on,true
2026-05-17T16:38:19.727Z,2.4950,-0.0345,2993,true,Monitor: Bomba ON (override),0,intermitente_bomba_on,true
2026-05-17T16:38:22.704Z,2.5122,0.0172,2977,true,Monitor: Bomba ON (override),0,intermitente_bomba_on,true
2026-05-17T16:38:25.734Z,2.4648,-0.0474,3030,true,Monitor: Bomba ON (override),0,intermitente_bomba_on,true
2026-05-17T16:38:28.699Z,2.6157,0.1508,2965,true,Monitor: Bomba ON (override),0,intermitente_bomba_on,true
2026-05-17T16:38:31.669Z,2.8053,0.1896,2970,true,Monitor: Bomba ON (override),0,intermitente_bomba_on,true
2026-05-17T16:38:34.742Z,2.8570,0.0517,3073,true,Monitor: Bomba ON (override),0,intermitente_bomba_on,true
2026-05-17T16:38:37.653Z,2.8742,0.0172,2911,true,Monitor: Bomba ON (override),0,intermitente_bomba_on,true
2026-05-17T16:38:40.710Z,2.9087,0.0345,3057,true,Monitor: Bomba ON (override),0,intermitente_bomba_on,true
2026-05-17T16:38:43.690Z,2.9302,0.0215,2980,true,Monitor: Bomba ON (override),0,intermitente_bomba_on,true
2026-05-17T16:38:46.646Z,2.9044,-0.0259,2956,true,Monitor: Bomba ON (override),0,intermitente_bomba_on,true
2026-05-17T16:38:49.736Z,2.8871,-0.0172,3090,true,Monitor: Bomba ON (override),0,intermitente_bomba_on,true
2026-05-17T16:38:52.687Z,2.9216,0.0345,2951,true,Monitor: Bomba ON (override),0,intermitente_bomba_on,true
2026-05-17T16:38:55.652Z,2.9647,0.0431,2965,true,Monitor: Bomba ON (override),0,intermitente_bomba_on,true
2026-05-17T16:38:58.728Z,2.9345,-0.0302,3076,true,Monitor: Bomba ON (override),0,intermitente_bomba_on,true
2026-05-17T16:39:01.690Z,2.8527,-0.0819,2962,true,Monitor: Bomba ON (override),0,intermitente_bomba_on,true
2026-05-17T16:39:04.648Z,2.8096,-0.0431,2958,true,Monitor: Bomba ON (override),0,intermitente_bomba_on,true
2026-05-17T16:39:07.709Z,2.8440,0.0345,3061,true,Monitor: Bomba ON (override),0,intermitente_bomba_on,true
2026-05-17T16:39:10.668Z,2.8699,0.0259,2959,true,Monitor: Bomba ON (override),0,intermitente_bomba_on,true
2026-05-17T16:39:13.732Z,3.0121,0.1422,3064,true,Monitor: Bomba ON (override),0,intermitente_bomba_on,true
2026-05-17T16:39:16.681Z,2.9302,-0.0819,2949,true,Monitor: Bomba ON (override),0,intermitente_bomba_on,true
2026-05-17T16:39:19.668Z,2.8871,-0.0431,2987,true,Monitor: Bomba ON (override),0,intermitente_bomba_on,true
2026-05-17T16:39:22.724Z,2.8613,-0.0259,3056,true,Monitor: Bomba ON (override),0,intermitente_bomba_on,true
2026-05-17T16:39:25.696Z,2.8785,0.0172,2972,true,Monitor: Bomba ON (override),0,intermitente_bomba_on,true
2026-05-17T16:39:28.642Z,2.9044,0.0259,2946,true,Monitor: Bomba ON (override),0,intermitente_bomba_on,true
2026-05-17T16:39:31.704Z,2.9173,0.0129,3062,true,Monitor: Bomba ON (override),0,intermitente_bomba_on,true
